<?xml version="1.0" encoding="utf-8"?>
<extension version="3.0" type="component" method="upgrade">
     <name>ribafs_portfolio</name>
     <author>Ribamar FS</author>
	<creationDate>Outubro 2017</creationDate>
     <version>1.0.0</version>
     <description>
		<![CDATA[
		<div>
        <h1>RibaFS Portfolio</h1>
        <p>Será feito o upload ds imagens para images/portfolio<br>
        - Primeiro cadastrar todas as imagens com suas descrições no componente<br>
        - Depois configurar o módulo para exibir o portfolio numa posição tipo portfolio<br>
        <br>
        As descrições devem ser pequenas, com o máximo de 70 caracteres.<br>
        As fotos devem ter a melhor qualidade possível.<br>
		Cadastro de portfolios no backend. Para ser acessado pelo módulo mod_ribafs_portfolio.<br>
        Caso necessário crie novos módulos: Extensões - Módulos - Novo e mude a categoria.
        </p>
        </div>
		]]>
	 </description>

     <files>
          <filename>leiame.txt</filename>
          <filename>fluxo.txt</filename>
     </files>

	 <install>
	      <sql>
	           <file driver="mysql" charset="utf8">install.sql</file>
	      </sql>
	 </install>

	 <uninstall>
	      <sql>
	           <file driver="mysql" charset="utf8">uninstall.sql</file>
	      </sql>
	 </uninstall>

     <administration>
         <menu>RibaFS Portfolio</menu>

         <files folder="admin">
              <filename component="ribafs_portfolio">ribafs_portfolio.php</filename>         
              <filename>ribafs_portfoliodb.php</filename>
              <filename>ribafs_portfolio_insert.php</filename>
              <filename>ribafs_portfolio_insertdb.php</filename>
              <filename>ribafs_portfolio_update.php</filename>
              <filename>ribafs_portfolio_updatedb.php</filename>
              <filename>ribafs_portfolio_delete.php</filename>
              <filename>install.sql</filename>
              <filename>uninstall.sql</filename>
	          <filename>index.html</filename>	
         </files>
	     <languages>
		    <language tag="pt-BR">admin/language/pt-BR/pt-BR.com_ribafs_portfolio.ini</language>
	     </languages>
    </administration>
</extension>
